Tag Word,Tag Word Count
data,341
viz,9
by,10
luke,9
business,18
intelligence,11
science,128
bi,13
computer,13
nerd,7
analyst,130
google,43
certification,6
cert,9
coursera,9
python,94
r,2
programming,17
tableau,3
power,3
sql,70
spreadsheets,2
ibm,16
professional,8
certificate,21
learn,44
code,10
beginners,25
coding,6
project,25
ideas,5
resume,22
tutorial,39
tina,9
huang,9
kgmit,5
mit,7
3,7
pandas,13
library,4
pd,1
excel,4
csv,5
reading,2
analysis,5
do,9
using,5
numpy,14
files,1
sorting,1
simple,7
easy,9
best,15
groupby,2
reset,1
index,2
stats,1
statistics,1
machine,16
learning,22
building,1
projects,13
java,1
javascript,1
mongodb,1
study,16
tips,15
math,3
more,1
effectively,1
2021,6
smartly,2
self,10
technical,2
things,4
would,1
day,2
life,4
journey,2
timeline,1
career,14
path,1
masters,1
education,1
sports,1
analytics,26
change,3
course,18
from,2
zero,1
connect,40
4,37
win,21
board,8
game,26
strategy,22
theory,1
keithglearning,2
every,4
time,4
beat,3
play,3
way,6
tricks,5
games,1
help,3
four,8
row,5
matplotlib,9
mathplotlib,1
real,1
world,1
apply,1
method,1
exploration,2
cleaning,2
anaconda,1
jupyter,3
notebook,3
plotting,3
graphing,1
scientist,44
ai,2
artificial,1
panda,1
tkinter,5
gui,3
pyqt5,1
pyqt,1
application,3
ui,4
user,2
interface,2
api,2
graphical,1
pyinstaller,1
design,1
good,1
program,8
build,7
app,9
weather,1
skills,4
tk,1
studywithme,1
howtostudy,1
howtostudyeffectively,1
stopprocrastinating,1
howtostudywithajob,1
tinahuang,2
datascience,1
datascientist,2
python3,1
numerical,1
scipy,2
matrix,1
array,2
lists,3
linear,2
algebra,2
why,5
use,3
beginner,8
matlab,1
benefits,1
lecture,1
advanced,1
lesson,2
fast,3
performance,1
dimension,1
initialize,1
become,18
job,17
reasons,3
not,5
top,1
5,1
should,3
turtle,4
graphics,4
drawing,2
animations,2
shapes,1
examples,3
kids,2
recursion,1
basic,2
exercises,1
exercise,1
draw,1
salary,8
description,5
or,2
freshers,3
qualifications,2
pygame,2
development,3
make,4
new,5
always,3
something,1
don,3
t,4
dream,2
labour,1
labor,1
tech,3
mooc,2
everyday,2
youtuber,1
trading,1
write,5
complex,5
queries,15
practice,5
query,6
window,2
function,2
join,1
writing,1
easiest,4
quickest,1
first,1
move,1
quick,1
technique,1
player,1
almost,2
ways,1
methods,1
portfolio,10
github,1
analysts,6
be,6
you,4
won,1
facebook,3
amazon,3
apple,3
netflix,3
student,1
teaching,1
ivy,1
league,1
battleship,13
instruction,1
winning,2
boardgame,1
getting,1
better,1
improve,1
odds,1
66daysofdata,1
minimize,1
effort,1
maximize,1
outcome,1
introduction,3
what,8
courses,4
online,5
no,6
experience,6
does,3
actually,2
overview,2
visualization,2
free,3
kaggle,7
crash,2
deep,3
playlist,1
goldman,8
sachs,8
internship,12
technology,2
summer,5
software,6
engineer,3
get,5
an,1
finance,2
bank,1
dataanalyst,1
basics,7
structured,1
language,1
training,1
videos,1
full,2
postgresql,1
rdbms,1
sequel,1
techtfq,1
1,1
hour,1
commands,1
select,1
operators,1
engineering,3
choose,1
between,1
proven,1
programs,1
switching,1
careers,4
became,1
switch,2
different,1
entry,1
level,1
changing,1
becoming,2
windows,11
m1,5
mac,7
10,2
macbook,3
pro,1
air,1
dashboard,1
dashboards,1
solution,1
odd,3
even,3
algorithm,1
beginnners,1
server,2
management,2
studio,2
create,2
table,2
insert,2
into,3
faang,6
much,1
as,1
usa,1
professor,1
streamlit,7
web,6
apps,1
model,1
deployment,1
deploy,2
graphs,1
pie,1
chart,1
histogram,1
graph,1
plotly,1
figures,1
processing,1
template,1
2020,1
example,1
college,1
women,1
upenn,1
mcit,1
tip,1
certificates,3
after,1
plan,2
udemy,1
skillshare,1
efficiently,2
take,1
notes,1
classes,2
manage,1
