Title Word,Title Word Count
become,3
data,38
analyst,17
no,2
degree,1
google,6
analytics,4
professional,3
certificate,9
would,3
learn,5
code,1
if,2
could,1
start,2
over,2
complete,3
python,8
pandas,3
science,9
tutorial,6
reading,1
csv,1
excel,1
files,1
sorting,1
filtering,1
groupby,1
day,1
life,1
surveymonkey,1
transformation,1
self,3
study,5
technical,1
things,1
had,1
win,4
connect,3
4,5
almost,2
every,2
time,3
solving,1
real,1
world,1
tasks,1
program,2
gui,1
application,1
tkinter,1
consistently,1
full,1
job,6
9,1
months,1
still,1
going,1
strong,1
numpy,1
creating,1
arrays,1
indexing,1
math,1
statistics,2
reshaping,1
top,1
5,2
reasons,1
not,2
turtle,1
graphics,1
overview,2
from,1
beginner,1
advanced,1
scientist,5
which,2
right,2
you,3
business,1
game,1
ibm,2
best,5
analysts,2
why,3
work,1
so,1
hard,1
despite,1
having,1
good,1
write,1
sql,7
queries,3
practice,2
complex,1
quickest,1
ways,1
portfolio,2
project,2
exploration,1
1,4
should,1
be,2
battleship,1
2022,1
minimize,1
effort,1
maximize,1
outcome,1
way,1
m1,3
chip,1
as,3
fast,1
max,1
13,1
mac,3
air,1
14,1
pro,1
shorts,1
what,3
does,1
actually,1
do,1
practical,1
scientists,1
chapter,1
exploratory,1
analysis,1
free,1
courses,2
nobody,1
talking,1
about,1
internship,1
that,2
made,1
me,3
rethink,1
my,4
career,1
technology,1
summer,1
goldman,1
sachs,1
funny,1
s,2
basics,2
beginners,3
choose,1
between,1
software,1
engineering,1
key,1
considerations,1
3,1
proven,1
projects,1
kaggle,1
it,1
finally,1
here,1
changed,1
careers,1
show,1
episode,1
2,1
windows,1
are,1
your,2
options,1
power,1
bi,2
tableau,1
tool,1
strategy,2
odd,1
even,1
installing,1
server,1
management,1
studio,1
create,1
tables,1
get,2
experience,1
being,1
awesome,1
build,1
first,1
web,1
app,1
streamlit,1
plotting,1
w,2
matplotlib,1
line,1
graph,1
histogram,1
pie,1
chart,1
box,1
whiskers,1
review,1
tips,1
condensed,1
version,1
resume,1
got,2
faang,1
manga,1
entry,1
level,1
ft,1
holders,1
using,1
moocs,1
udemy,1
coursera,1
other,1
online,2
this,1
tip,1
